-rw-rw-r--,  1 1200     1200     55214908 Apr 19 01:28,Biodiversity_A_cryptum_FeTSB_anaerobic_1_01Jun16_Pippin_16-03-39.pepXML
-rw-rw-r--,  1 1200     1200     56062510 Apr 19 01:28,Biodiversity_A_cryptum_FeTSB_anaerobic_2_01Jun16_Pippin_16-03-39.pepXML
-rw-rw-r--,  1 1200     1200     54809841 Apr 19 01:28,Biodiversity_A_cryptum_FeTSB_anaerobic_3_01Jun16_Pippin_16-03-39.pepXML
-rw-rw-r--,  1 1200     1200     73312099 Apr 19 01:34,Biodiversity_A_faecalis_LB_aerobic_01_26Feb16_Arwen_16-01-01.pepXML
-rw-rw-r--,  1 1200     1200     69755895 Apr 19 01:34,Biodiversity_A_faecalis_LB_aerobic_02_26Feb16_Arwen_16-01-01.pepXML
-rw-rw-r--,  1 1200     1200     67161219 Apr 19 01:34,Biodiversity_A_faecalis_LB_aerobic_03_26Feb16_Arwen_16-01-01.pepXML
-rw-rw-r--,  1 1200     1200     45142607 Apr 19 01:23,Biodiversity_A_tumefaciens_R2A_aerobic_1_23Nov16_Pippin_16-09-11.pepXML
-rw-rw-r--,  1 1200     1200     44173740 Apr 19 01:24,Biodiversity_A_tumefaciens_R2A_aerobic_2_23Nov16_Pippin_16-09-11.pepXML
-rw-rw-r--,  1 1200     1200     44255061 Apr 19 01:24,Biodiversity_A_tumefaciens_R2A_aerobic_3_23Nov16_Pippin_16-09-11.pepXML
-rw-rw-r--,  1 1200     1200     73697353 Apr 19 01:33,Biodiversity_B_bifidum_CMcarb_anaerobic_01_26Feb16_Arwen_16-01-01.pepXML
-rw-rw-r--,  1 1200     1200     74210451 Apr 19 01:34,Biodiversity_B_bifidum_CMcarb_anaerobic_02_26Feb16_Arwen_16-01-01.pepXML
-rw-rw-r--,  1 1200     1200     73572290 Apr 19 01:33,Biodiversity_B_bifidum_CMcarb_anaerobic_03_26Feb16_Arwen_16-01-01.pepXML
-rw-rw-r--,  1 1200     1200     77458567 Apr 19 01:25,Biodiversity_B_cereus_ATCC14579_LB_aerobic_1_17July16_Samwise_16-04-10.pepXML
-rw-rw-r--,  1 1200     1200     77735709 Apr 19 01:25,Biodiversity_B_cereus_ATCC14579_LB_aerobic_2_17July16_Samwise_16-04-10.pepXML
-rw-rw-r--,  1 1200     1200     72387386 Apr 19 01:26,Biodiversity_B_cereus_ATCC14579_LB_aerobic_3_17July16_Samwise_16-04-10.pepXML
-rw-rw-r--,  1 1200     1200     50151172 Apr 19 01:24,Biodiversity_B_cereus_PN_L_CL_1_09Oct16_Pippin_16-05-06.pepXML
-rw-rw-r--,  1 1200     1200     50648009 Apr 19 01:24,Biodiversity_B_cereus_PN_L_CL_2_09Oct16_Pippin_16-05-06.pepXML
-rw-rw-r--,  1 1200     1200     52260383 Apr 19 01:24,Biodiversity_B_cereus_PN_L_CL_3_09Oct16_Pippin_16-05-06.pepXML
-rw-rw-r--,  1 1200     1200     77890340 Apr 19 01:33,Biodiversity_B_fragilis_01_28Jul15_Arwen_14-12-03.pepXML
-rw-rw-r--,  1 1200     1200     86337359 Apr 19 01:33,Biodiversity_B_fragilis_CMcarb_anaerobic_01_01Feb16_Arwen_15-07-13.pepXML
-rw-rw-r--,  1 1200     1200     85024348 Apr 19 01:33,Biodiversity_B_fragilis_CMcarb_anaerobic_02_01Feb16_Arwen_15-07-13.pepXML
-rw-rw-r--,  1 1200     1200     86833102 Apr 19 01:33,Biodiversity_B_fragilis_CMcarb_anaerobic_03_01Feb16_Arwen_15-07-13.pepXML
-rw-rw-r--,  1 1200     1200     83052322 Apr 19 01:33,Biodiversity_B_fragilis_CMgluc_anaerobic_01_01Feb16_Arwen_15-07-13.pepXML
-rw-rw-r--,  1 1200     1200     85512087 Apr 19 01:33,Biodiversity_B_fragilis_CMgluc_anaerobic_02_01Feb16_Arwen_15-07-13.pepXML
-rw-rw-r--,  1 1200     1200     85035243 Apr 19 01:33,Biodiversity_B_fragilis_CMgluc_anaerobic_03_01Feb16_Arwen_15-07-13.pepXML
-rw-rw-r--,  1 1200     1200     82977020 Apr 19 01:33,Biodiversity_B_fragilis_Carb_01_28Oct15_Arwen_15-07-13.pepXML
-rw-rw-r--,  1 1200     1200     82977983 Apr 19 01:33,Biodiversity_B_fragilis_LB_anaerobic_01_01Feb16_Arwen_15-07-13.pepXML
-rw-rw-r--,  1 1200     1200     81929591 Apr 19 01:32,Biodiversity_B_fragilis_LB_anaerobic_02_01Feb16_Arwen_15-07-13.pepXML
-rw-rw-r--,  1 1200     1200     82466762 Apr 19 01:33,Biodiversity_B_fragilis_LB_anaerobic_03_01Feb16_Arwen_15-07-13.pepXML
-rw-rw-r--,  1 1200     1200     83265714 Apr 19 01:32,Biodiversity_B_fragilis_LIB_aerobic_01_01Feb16_Arwen_15-07-13.pepXML
-rw-rw-r--,  1 1200     1200     82270067 Apr 19 01:33,Biodiversity_B_fragilis_LIB_aerobic_02_01Feb16_Arwen_15-07-13.pepXML
-rw-rw-r--,  1 1200     1200     84805990 Apr 19 01:32,Biodiversity_B_fragilis_LIB_aerobic_03_01Feb16_Arwen_15-07-13.pepXML
-rw-rw-r--,  1 1200     1200     74382036 Apr 19 01:33,Biodiversity_B_fragilis_LIB_anaerobic_01_08Feb16_Arwen_15-07-13.pepXML
-rw-rw-r--,  1 1200     1200     85635510 Apr 19 01:33,Biodiversity_B_fragilis_LIB_anaerobic_02_01Feb16_Arwen_15-07-13.pepXML
-rw-rw-r--,  1 1200     1200     85037278 Apr 19 01:32,Biodiversity_B_fragilis_LIB_anaerobic_03_01Feb16_Arwen_15-07-13.pepXML
-rw-rw-r--,  1 1200     1200     74047893 Apr 19 01:33,Biodiversity_B_infantis_CMcarb_anaerobic_01_26Feb16_Arwen_16-01-01.pepXML
-rw-rw-r--,  1 1200     1200     76735710 Apr 19 01:33,Biodiversity_B_infantis_CMcarb_anaerobic_02_26Feb16_Arwen_16-01-01.pepXML
-rw-rw-r--,  1 1200     1200     77781578 Apr 19 01:33,Biodiversity_B_infantis_CMcarb_anaerobic_03_26Feb16_Arwen_16-01-01.pepXML
-rw-rw-r--,  1 1200     1200     72232000 Apr 19 01:27,Biodiversity_B_subtilis_NCIB3610_24h_plates_1_13Jun16_Pippin_16-03-39.pepXML
-rw-rw-r--,  1 1200     1200     71587872 Apr 19 01:27,Biodiversity_B_subtilis_NCIB3610_24h_plates_2_13Jun16_Pippin_16-03-39.pepXML
-rw-rw-r--,  1 1200     1200     72877281 Apr 19 01:27,Biodiversity_B_subtilis_NCIB3610_24h_plates_3_13Jun16_Pippin_16-03-39.pepXML
-rw-rw-r--,  1 1200     1200     68875612 Apr 19 01:27,Biodiversity_B_subtilis_NCIB3610_48h_plates_1_13Jun16_Pippin_16-03-39.pepXML
-rw-rw-r--,  1 1200     1200     66142006 Apr 19 01:27,Biodiversity_B_subtilis_NCIB3610_48h_plates_2_13Jun16_Pippin_16-03-39.pepXML
-rw-rw-r--,  1 1200     1200     64722291 Apr 19 01:27,Biodiversity_B_subtilis_NCIB3610_48h_plates_3_13Jun16_Pippin_16-03-39.pepXML
-rw-rw-r--,  1 1200     1200     43491178 Apr 19 01:24,Biodiversity_B_subtilis_NCIB3610_pellet_1_03May16_Samwise_16-03-32.pepXML
-rw-rw-r--,  1 1200     1200     43196019 Apr 19 01:24,Biodiversity_B_subtilis_NCIB3610_pellet_2_03May16_Samwise_16-03-32.pepXML
-rw-rw-r--,  1 1200     1200     33444091 Apr 19 01:24,Biodiversity_B_subtilis_NCIB3610_plates_1_03May16_Samwise_16-03-32.pepXML
-rw-rw-r--,  1 1200     1200     33965337 Apr 19 01:24,Biodiversity_B_subtilis_NCIB3610_plates_2_03May16_Samwise_16-03-32.pepXML
-rw-rw-r--,  1 1200     1200     66236872 Apr 19 01:27,Biodiversity_B_subtilis_pellet_set2_1_13Jun16_Pippin_16-03-39.pepXML
-rw-rw-r--,  1 1200     1200     65035367 Apr 19 01:26,Biodiversity_B_subtilis_pellet_set2_2_13Jun16_Pippin_16-03-39.pepXML
-rw-rw-r--,  1 1200     1200     66050410 Apr 19 01:27,Biodiversity_B_subtilis_pellet_set2_3_13Jun16_Pippin_16-03-39.pepXML
-rw-rw-r--,  1 1200     1200     84463937 Apr 19 01:32,Biodiversity_B_thet_CMcarb_anaerobic_01_01Feb16_Arwen_15-07-13.pepXML
-rw-rw-r--,  1 1200     1200     93889312 Apr 19 01:31,Biodiversity_B_thet_CMcarb_anaerobic_02_01Feb16_Arwen_15-07-13.pepXML
-rw-rw-r--,  1 1200     1200     84998971 Apr 19 01:32,Biodiversity_B_thet_CMcarb_anaerobic_03_01Feb16_Arwen_15-07-13.pepXML
-rw-rw-r--,  1 1200     1200     83553941 Apr 19 01:32,Biodiversity_B_thet_CMgluc_anaerobic_01_01Feb16_Arwen_15-07-13.pepXML
-rw-rw-r--,  1 1200     1200     85528911 Apr 19 01:32,Biodiversity_B_thet_CMgluc_anaerobic_02_01Feb16_Arwen_15-07-13.pepXML
-rw-rw-r--,  1 1200     1200     83631899 Apr 19 01:32,Biodiversity_B_thet_CMgluc_anaerobic_03_01Feb16_Arwen_15-07-13.pepXML
-rw-rw-r--,  1 1200     1200     78598290 Apr 19 01:32,Biodiversity_B_thet_LB_anaerobic_01_01Feb16_Arwen_15-07-13.pepXML
-rw-rw-r--,  1 1200     1200     79851254 Apr 19 01:32,Biodiversity_B_thet_LB_anaerobic_02_01Feb16_Arwen_15-07-13.pepXML
-rw-rw-r--,  1 1200     1200     76818776 Apr 19 01:32,Biodiversity_B_thet_LB_anaerobic_03_01Feb16_Arwen_15-07-13.pepXML
-rw-rw-r--,  1 1200     1200     83617385 Apr 19 01:32,Biodiversity_B_thet_LIB_anaerobic_01_01Feb16_Arwen_15-07-13.pepXML
-rw-rw-r--,  1 1200     1200     82490381 Apr 19 01:32,Biodiversity_B_thet_LIB_anaerobic_02_01Feb16_Arwen_15-07-13.pepXML
-rw-rw-r--,  1 1200     1200     82683950 Apr 19 01:32,Biodiversity_B_thet_LIB_anaerobic_03_01Feb16_Arwen_15-07-13.pepXML
-rw-rw-r--,  1 1200     1200     86183954 Apr 19 01:31,Biodiversity_B_thetaiotaomicron_Carb_01_26Aug15_Arwen_15-07-13.pepXML
-rw-rw-r--,  1 1200     1200     84227138 Apr 19 01:32,Biodiversity_B_thetaiotaomicron_Glc_01_26Aug15_Arwen_15-07-13.pepXML
-rw-rw-r--,  1 1200     1200     83688134 Apr 19 01:33,Biodiversity_Bacillus_subtilis_LB_01_27Dec15_Arwen_15-07-13.pepXML
-rw-rw-r--,  1 1200     1200     80651711 Apr 19 01:33,Biodiversity_Bacillus_subtilis_LB_02_27Dec15_Arwen_15-07-13.pepXML
-rw-rw-r--,  1 1200     1200     84826110 Apr 19 01:32,Biodiversity_Bacillus_subtilis_LB_03_27Dec15_Arwen_15-07-13.pepXML
-rw-rw-r--,  1 1200     1200     77281137 Apr 19 01:31,Biodiversity_C_Baltica_T240_R1_C_27Jan16_Arwen_15-07-13.pepXML
-rw-rw-r--,  1 1200     1200     81742947 Apr 19 01:31,Biodiversity_C_Baltica_T240_R1_Inf_27Jan16_Arwen_15-07-13.pepXML
-rw-rw-r--,  1 1200     1200     80377282 Apr 19 01:31,Biodiversity_C_Baltica_T240_R2_C_27Jan16_Arwen_15-07-13.pepXML
-rw-rw-r--,  1 1200     1200     80860966 Apr 19 01:31,Biodiversity_C_Baltica_T240_R2_Inf_27Jan16_Arwen_15-07-13.pepXML
-rw-rw-r--,  1 1200     1200     81475105 Apr 19 01:31,Biodiversity_C_Baltica_T240_R3_C_27Jan16_Arwen_15-07-13.pepXML
-rw-rw-r--,  1 1200     1200     82768875 Apr 19 01:31,Biodiversity_C_Baltica_T240_R3_Inf_27Jan16_Arwen_15-07-13.pepXML
-rw-rw-r--,  1 1200     1200     76235726 Apr 19 01:31,Biodiversity_C_comes_Carb_01_14Sep15_Arwen_15-07-13.pepXML
-rw-rw-r--,  1 1200     1200     75504790 Apr 19 01:32,Biodiversity_C_comes_Glc_01_28Oct15_Arwen_15-07-13.pepXML
-rw-rw-r--,  1 1200     1200     75695126 Apr 19 01:32,Biodiversity_C_comes_LIB_01_28Oct15_Arwen_15-07-13.pepXML
-rw-rw-r--,  1 1200     1200     80845894 Apr 19 01:31,Biodiversity_C_freundii_LB_01_14Sep15_Arwen_15-07-13.pepXML
-rw-rw-r--,  1 1200     1200     74518737 Apr 19 01:31,Biodiversity_C_freundii_LIB_01_28Oct15_Arwen_15-07-13.pepXML
-rw-rw-r--,  1 1200     1200     85460885 Apr 19 01:31,Biodiversity_C_gilvus_GS2_anaerobic_01_01Feb16_Arwen_15-07-13.pepXML
-rw-rw-r--,  1 1200     1200     83517207 Apr 19 01:31,Biodiversity_C_gilvus_GS2_anaerobic_02_01Feb16_Arwen_15-07-13.pepXML
-rw-rw-r--,  1 1200     1200     84908681 Apr 19 01:32,Biodiversity_C_gilvus_GS2_anaerobic_03_01Feb16_Arwen_15-07-13.pepXML
-rw-rw-r--,  1 1200     1200     71398710 Apr 19 01:29,Biodiversity_C_indologenes_LIB_aerobic_01_03May16_Samwise_16-03-32.pepXML
-rw-rw-r--,  1 1200     1200     70974413 Apr 19 01:29,Biodiversity_C_indologenes_LIB_aerobic_02_03May16_Samwise_16-03-32.pepXML
-rw-rw-r--,  1 1200     1200     71199717 Apr 19 01:29,Biodiversity_C_indologenes_LIB_aerobic_03_03May16_Samwise_16-03-32.pepXML
-rw-rw-r--,  1 1200     1200     44560858 Apr 19 01:24,Biodiversity_C_ljungdahlii_CO_anaerobic_1_04Oct16_Pippin_16-05-06.pepXML
-rw-rw-r--,  1 1200     1200     46178083 Apr 19 01:25,Biodiversity_C_ljungdahlii_CO_anaerobic_2_04Oct16_Pippin_16-05-06.pepXML
-rw-rw-r--,  1 1200     1200     45282107 Apr 19 01:24,Biodiversity_C_ljungdahlii_CO_anaerobic_3_04Oct16_Pippin_16-05-06.pepXML
-rw-rw-r--,  1 1200     1200     46059825 Apr 19 01:24,Biodiversity_C_ljungdahlii_Fructose_anaerobic_1_04Oct16_Pippin_16-05-06.pepXML
-rw-rw-r--,  1 1200     1200     46740781 Apr 19 01:24,Biodiversity_C_ljungdahlii_Fructose_anaerobic_2_04Oct16_Pippin_16-05-06.pepXML
-rw-rw-r--,  1 1200     1200     47083336 Apr 19 01:24,Biodiversity_C_ljungdahlii_Fructose_anaerobic_3_04Oct16_Pippin_16-05-06.pepXML
-rw-rw-r--,  1 1200     1200     53967288 Apr 19 01:24,Biodiversity_C_necator_R2A_aerobic_1_23Nov16_Pippin_16-09-11.pepXML
-rw-rw-r--,  1 1200     1200     51582673 Apr 19 01:24,Biodiversity_C_necator_R2A_aerobic_2_23Nov16_Pippin_16-09-11.pepXML
-rw-rw-r--,  1 1200     1200     50453009 Apr 19 01:24,Biodiversity_C_necator_R2A_aerobic_3_23Nov16_Pippin_16-09-11.pepXML
-rw-rw-r--,  1 1200     1200     79960768 Apr 19 01:31,Biodiversity_Cellulomonas_gilvus_GS2_01_27Dec15_Arwen_15-07-13.pepXML
-rw-rw-r--,  1 1200     1200     81254586 Apr 19 01:30,Biodiversity_Cellulomonas_gilvus_GS2_02_27Dec15_Arwen_15-07-13.pepXML
-rw-rw-r--,  1 1200     1200     80511186 Apr 19 01:31,Biodiversity_Cellulomonas_gilvus_GS2_03_27Dec15_Arwen_15-07-13.pepXML
-rw-rw-r--,  1 1200     1200     84476773 Apr 19 01:31,Biodiversity_Cibrobacter_freundii_LB_aerobic_01_01Feb16_Arwen_15-07-13.pepXML
-rw-rw-r--,  1 1200     1200     83920689 Apr 19 01:30,Biodiversity_Cibrobacter_freundii_LB_aerobic_02_01Feb16_Arwen_15-07-13.pepXML
-rw-rw-r--,  1 1200     1200     83227162 Apr 19 01:31,Biodiversity_Cibrobacter_freundii_LB_aerobic_03_01Feb16_Arwen_15-07-13.pepXML
-rw-rw-r--,  1 1200     1200     67809670 Apr 19 01:28,Biodiversity_D_acidovorans_TGY_aerobic_01_29Apr16_Samwise_16-03-32_renamed.pepXML
-rw-rw-r--,  1 1200     1200     62859745 Apr 19 01:28,Biodiversity_D_acidovorans_TGY_aerobic_02_29Apr16_Samwise_16-03-32_renamed.pepXML
-rw-rw-r--,  1 1200     1200     57963171 Apr 19 01:27,Biodiversity_D_acidovorans_TGY_aerobic_03_29Apr16_Samwise_16-03-32_renamed.pepXML
-rw-rw-r--,  1 1200     1200     44499646 Apr 19 01:23,Biodiversity_D_longicatena_CarbII_01_26Aug15_Arwen_15-07-13.pepXML
-rw-rw-r--,  1 1200     1200     46108021 Apr 19 01:23,Biodiversity_D_longicatena_CarbI_01_26Aug15_Arwen_15-07-13.pepXML
-rw-rw-r--,  1 1200     1200     43523578 Apr 19 01:23,Biodiversity_D_longicatena_Glc_01_28Oct15_Arwen_15-07-13.pepXML
-rw-rw-r--,  1 1200     1200     83168145 Apr 19 01:30,Biodiversity_F_novicida_TSB_aerobic_01_01Feb16_Arwen_15-07-13.pepXML
-rw-rw-r--,  1 1200     1200     78412793 Apr 19 01:30,Biodiversity_F_novicida_TSB_aerobic_02_01Feb16_Arwen_15-07-13.pepXML
-rw-rw-r--,  1 1200     1200     78293839 Apr 19 01:30,Biodiversity_F_novicida_TSB_aerobic_03_01Feb16_Arwen_15-07-13.pepXML
-rw-rw-r--,  1 1200     1200     73196741 Apr 19 01:30,Biodiversity_F_prausnitzii_Carb_01_28Oct15_Arwen_15-07-13.pepXML
-rw-rw-r--,  1 1200     1200     71992354 Apr 19 01:30,Biodiversity_F_prausnitzii_Glc_01_28Oct15_Arwen_15-07-13.pepXML
-rw-rw-r--,  1 1200     1200     70482247 Apr 19 01:30,Biodiversity_F_prausnitzii_LIB_01_28Oct15_Arwen_15-07-13.pepXML
-rw-rw-r--,  1 1200     1200     79428997 Apr 19 01:30,Biodiversity_F_succinogenes_MDM_01_27Dec15_Arwen_15-07-13.pepXML
-rw-rw-r--,  1 1200     1200     83133025 Apr 19 01:30,Biodiversity_F_succinogenes_MDM_02_27Dec15_Arwen_15-07-13.pepXML
-rw-rw-r--,  1 1200     1200     80274498 Apr 19 01:30,Biodiversity_F_succinogenes_MDM_03_27Dec15_Arwen_15-07-13.pepXML
-rw-rw-r--,  1 1200     1200     55625788 Apr 19 01:26,Biodiversity_HL111_HLHglutamate_aerobic_1_14July16_Pippin_16-05-01.pepXML
-rw-rw-r--,  1 1200     1200     53373064 Apr 19 01:26,Biodiversity_HL111_HLHglutamate_aerobic_2_14July16_Pippin_16-05-01.pepXML
-rw-rw-r--,  1 1200     1200     54453226 Apr 19 01:26,Biodiversity_HL111_HLHglutamate_aerobic_3_14July16_Pippin_16-05-01.pepXML
-rw-rw-r--,  1 1200     1200     67671210 Apr 19 01:28,Biodiversity_HL48_HLHxylose_aerobic_1_09Jun16_Pippin_16-03-39.pepXML
-rw-rw-r--,  1 1200     1200     68762458 Apr 19 01:28,Biodiversity_HL48_HLHxylose_aerobic_2_09Jun16_Pippin_16-03-39.pepXML
-rw-rw-r--,  1 1200     1200     67778430 Apr 19 01:28,Biodiversity_HL48_HLHxylose_aerobic_3_09Jun16_Pippin_16-03-39.pepXML
-rw-rw-r--,  1 1200     1200     47585529 Apr 19 01:25,Biodiversity_HL49_HLHYE_aerobic_1_05Oct16_Pippin_16-05-06.pepXML
-rw-rw-r--,  1 1200     1200     52137989 Apr 19 01:25,Biodiversity_HL49_HLHYE_aerobic_2_05Oct16_Pippin_16-05-06.pepXML
-rw-rw-r--,  1 1200     1200     52837734 Apr 19 01:25,Biodiversity_HL49_HLHYE_aerobic_3_05Oct16_Pippin_16-05-06.pepXML
-rw-rw-r--,  1 1200     1200     34162129 Apr 19 01:25,Biodiversity_HL69_HLA_aerobic_1_05Oct16_Pippin_16-05-06.pepXML
-rw-rw-r--,  1 1200     1200     33052442 Apr 19 01:25,Biodiversity_HL69_HLA_aerobic_2_05Oct16_Pippin_16-05-06.pepXML
-rw-rw-r--,  1 1200     1200     35350410 Apr 19 01:25,Biodiversity_HL69_HLA_aerobic_3_05Oct16_Pippin_16-05-06.pepXML
-rw-rw-r--,  1 1200     1200     60871812 Apr 19 01:28,Biodiversity_HL91_HLHsucrose_aerobic_1_09Jun16_Pippin_16-03-39.pepXML
-rw-rw-r--,  1 1200     1200     60741706 Apr 19 01:27,Biodiversity_HL91_HLHsucrose_aerobic_2_09Jun16_Pippin_16-03-39.pepXML
-rw-rw-r--,  1 1200     1200     61640114 Apr 19 01:28,Biodiversity_HL91_HLHsucrose_aerobic_3_09Jun16_Pippin_16-03-39.pepXML
-rw-rw-r--,  1 1200     1200     73593039 Apr 19 01:28,Biodiversity_HL93_HLHfructose_aerobic_1_09Jun16_Pippin_16-03-39.pepXML
-rw-rw-r--,  1 1200     1200     74311078 Apr 19 01:28,Biodiversity_HL93_HLHfructose_aerobic_2_09Jun16_Pippin_16-03-39.pepXML
-rw-rw-r--,  1 1200     1200     73146066 Apr 19 01:28,Biodiversity_HL93_HLHfructose_aerobic_3_09Jun16_Pippin_16-03-39.pepXML
-rw-rw-r--,  1 1200     1200     52837309 Apr 19 01:23,Biodiversity_L_monocytogenes_BHI_aerobic_01_27Feb17_Pippin_16-11-03.pepXML
-rw-rw-r--,  1 1200     1200     54009568 Apr 19 01:23,Biodiversity_L_monocytogenes_BHI_aerobic_02_27Feb17_Pippin_16-11-03.pepXML
-rw-rw-r--,  1 1200     1200     54380636 Apr 19 01:23,Biodiversity_L_monocytogenes_BHI_aerobic_03_27Feb17_Pippin_16-11-03.pepXML
-rw-rw-r--,  1 1200     1200     84336299 Apr 19 01:30,Biodiversity_Lactobacillus_casei_MRS_01_27Dec15_Arwen_15-07-13.pepXML
-rw-rw-r--,  1 1200     1200     81951742 Apr 19 01:30,Biodiversity_Lactobacillus_casei_MRS_02_27Dec15_Arwen_15-07-13.pepXML
-rw-rw-r--,  1 1200     1200     87933294 Apr 19 01:30,Biodiversity_Lactobacillus_casei_MRS_03_27Dec15_Arwen_15-07-13.pepXML
-rw-rw-r--,  1 1200     1200     68591421 Apr 19 01:30,Biodiversity_M_luteus_LIB_aerobic_01_26Feb16_Arwen_16-01-01.pepXML
-rw-rw-r--,  1 1200     1200     67556429 Apr 19 01:30,Biodiversity_M_luteus_LIB_aerobic_02_26Feb16_Arwen_16-01-01.pepXML
-rw-rw-r--,  1 1200     1200     69890714 Apr 19 01:30,Biodiversity_M_luteus_LIB_aerobic_03_26Feb16_Arwen_16-01-01.pepXML
-rw-rw-r--,  1 1200     1200     55241246 Apr 19 01:25,Biodiversity_M_smegmatis_BHI_aerobic_1_05Oct16_Pippin_16-05-06.pepXML
-rw-rw-r--,  1 1200     1200     57299907 Apr 19 01:25,Biodiversity_M_smegmatis_BHI_aerobic_2_05Oct16_Pippin_16-05-06.pepXML
-rw-rw-r--,  1 1200     1200     56160099 Apr 19 01:25,Biodiversity_M_smegmatis_BHI_aerobic_3_05Oct16_Pippin_16-05-06.pepXML
-rw-rw-r--,  1 1200     1200     66564660 Apr 19 01:27,Biodiversity_M_xanthus_DZ2_24h_plates_1_13Jun16_Pippin_16-03-39.pepXML
-rw-rw-r--,  1 1200     1200     66204906 Apr 19 01:27,Biodiversity_M_xanthus_DZ2_24h_plates_2_13Jun16_Pippin_16-03-39.pepXML
-rw-rw-r--,  1 1200     1200     66692267 Apr 19 01:27,Biodiversity_M_xanthus_DZ2_24h_plates_3_13Jun16_Pippin_16-03-39.pepXML
-rw-rw-r--,  1 1200     1200     68984541 Apr 19 01:27,Biodiversity_M_xanthus_DZ2_48h_plates_1_13Jun16_Pippin_16-03-39.pepXML
-rw-rw-r--,  1 1200     1200     66899684 Apr 19 01:27,Biodiversity_M_xanthus_DZ2_48h_plates_2_13Jun16_Pippin_16-03-39.pepXML
-rw-rw-r--,  1 1200     1200     67777848 Apr 19 01:27,Biodiversity_M_xanthus_DZ2_48h_plates_3_13Jun16_Pippin_16-03-39.pepXML
-rw-rw-r--,  1 1200     1200     56603952 Apr 19 01:24,Biodiversity_M_xanthus_DZ2_pellet_1_03May16_Samwise_16-03-32.pepXML
-rw-rw-r--,  1 1200     1200     55397250 Apr 19 01:24,Biodiversity_M_xanthus_DZ2_pellet_2_03May16_Samwise_16-03-32.pepXML
-rw-rw-r--,  1 1200     1200     47381047 Apr 19 01:24,Biodiversity_M_xanthus_DZ2_plates_1_03May16_Samwise_16-03-32.pepXML
-rw-rw-r--,  1 1200     1200     47261490 Apr 19 01:24,Biodiversity_M_xanthus_DZ2_plates_2_03May16_Samwise_16-03-32.pepXML
-rw-rw-r--,  1 1200     1200     66724384 Apr 19 01:27,Biodiversity_M_xanthus_pellet_set2_1_13Jun16_Pippin_16-03-39.pepXML
-rw-rw-r--,  1 1200     1200     67256864 Apr 19 01:27,Biodiversity_M_xanthus_pellet_set2_2_13Jun16_Pippin_16-03-39.pepXML
-rw-rw-r--,  1 1200     1200     66016324 Apr 19 01:27,Biodiversity_M_xanthus_pellet_set2_3_13Jun16_Pippin_16-03-39.pepXML
-rw-rw-r--,  1 1200     1200     58458147 Apr 19 01:27,Biodiversity_P_denitrificans_LIB_aerobic_01_29Apr16_Samwise_16-03-32_renamed.pepXML
-rw-rw-r--,  1 1200     1200     55714244 Apr 19 01:28,Biodiversity_P_denitrificans_LIB_aerobic_02_29Apr16_Samwise_16-03-32_renamed.pepXML
-rw-rw-r--,  1 1200     1200     62964136 Apr 19 01:28,Biodiversity_P_denitrificans_LIB_aerobic_03_29Apr16_Samwise_16-03-32_renamed.pepXML
-rw-rw-r--,  1 1200     1200     71167956 Apr 19 01:30,Biodiversity_P_hydrogenalis_01_28Jul15_Arwen_14-12-03.pepXML
-rw-rw-r--,  1 1200     1200     77133122 Apr 19 01:29,Biodiversity_P_hydrogenalis_CMgluc_anaerobic_01_26Feb16_Arwen_16-01-01.pepXML
-rw-rw-r--,  1 1200     1200     78986078 Apr 19 01:30,Biodiversity_P_hydrogenalis_CMgluc_anaerobic_02_26Feb16_Arwen_16-01-01.pepXML
-rw-rw-r--,  1 1200     1200     71688684 Apr 19 01:30,Biodiversity_P_hydrogenalis_CMgluc_anaerobic_03_26Feb16_Arwen_16-01-01.pepXML
-rw-rw-r--,  1 1200     1200     78915735 Apr 19 01:26,Biodiversity_P_polymyxa_TBS_aerobic_1_17July16_Samwise_16-04-10.pepXML
-rw-rw-r--,  1 1200     1200     77281635 Apr 19 01:26,Biodiversity_P_polymyxa_TBS_aerobic_2_17July16_Samwise_16-04-10.pepXML
-rw-rw-r--,  1 1200     1200     76026836 Apr 19 01:26,Biodiversity_P_polymyxa_TBS_aerobic_3_17July16_Samwise_16-04-10.pepXML
-rw-rw-r--,  1 1200     1200     69394556 Apr 19 01:27,Biodiversity_P_ruminicola_MDM_anaerobic_1_09Jun16_Pippin_16-03-39.pepXML
-rw-rw-r--,  1 1200     1200     69544100 Apr 19 01:28,Biodiversity_P_ruminicola_MDM_anaerobic_2_09Jun16_Pippin_16-03-39.pepXML
-rw-rw-r--,  1 1200     1200     72147974 Apr 19 01:29,Biodiversity_R_gnavus_01_28Jul15_Arwen_14-12-03.pepXML
-rw-rw-r--,  1 1200     1200     42546973 Apr 19 01:23,Biodiversity_R_gnavus_Carb_01_28Oct15_Arwen_15-07-13.pepXML
-rw-rw-r--,  1 1200     1200     61455024 Apr 19 01:24,Biodiversity_R_jostii_R2A_aerobic_1_23Nov16_Pippin_16-09-11.pepXML
-rw-rw-r--,  1 1200     1200     59981816 Apr 19 01:24,Biodiversity_R_jostii_R2A_aerobic_2_23Nov16_Pippin_16-09-11.pepXML
-rw-rw-r--,  1 1200     1200     58553218 Apr 19 01:24,Biodiversity_R_jostii_R2A_aerobic_3_23Nov16_Pippin_16-09-11.pepXML
-rw-rw-r--,  1 1200     1200     60489392 Apr 19 01:29,Biodiversity_R_palustris_PM_aerobic_1_01Jun16_Pippin_16-03-39.pepXML
-rw-rw-r--,  1 1200     1200     61944189 Apr 19 01:29,Biodiversity_R_palustris_PM_aerobic_2_01Jun16_Pippin_16-03-39.pepXML
-rw-rw-r--,  1 1200     1200     59693626 Apr 19 01:29,Biodiversity_R_palustris_PM_aerobic_3_01Jun16_Pippin_16-03-39.pepXML
-rw-rw-r--,  1 1200     1200     61354056 Apr 19 01:29,Biodiversity_R_palustris_PMnitro_anaerobic_1_01Jun16_Pippin_16-03-39.pepXML
-rw-rw-r--,  1 1200     1200     61021895 Apr 19 01:29,Biodiversity_R_palustris_PMnitro_anaerobic_2_01Jun16_Pippin_16-03-39.pepXML
-rw-rw-r--,  1 1200     1200     59586794 Apr 19 01:29,Biodiversity_R_palustris_PMnitro_anaerobic_3_01Jun16_Pippin_16-03-39.pepXML
-rw-rw-r--,  1 1200     1200     61337987 Apr 19 01:29,Biodiversity_R_palustris_PMnonnitro_anaerobic_1_01Jun16_Pippin_16-03-39.pepXML
-rw-rw-r--,  1 1200     1200     61998994 Apr 19 01:29,Biodiversity_R_palustris_PMnonnitro_anaerobic_2_01Jun16_Pippin_16-03-39.pepXML
-rw-rw-r--,  1 1200     1200     61620470 Apr 19 01:28,Biodiversity_R_palustris_PMnonnitro_anaerobic_3_01Jun16_Pippin_16-03-39.pepXML
-rw-rw-r--,  1 1200     1200     77848297 Apr 19 01:29,Biodiversity_S_agalactiae_LIB_aerobic_01_26Feb16_Arwen_16-01-01.pepXML
-rw-rw-r--,  1 1200     1200     75771470 Apr 19 01:29,Biodiversity_S_agalactiae_LIB_aerobic_02_26Feb16_Arwen_16-01-01.pepXML
-rw-rw-r--,  1 1200     1200     72947769 Apr 19 01:29,Biodiversity_S_agalactiae_LIB_aerobic_03_26Feb16_Arwen_16-01-01.pepXML
-rw-rw-r--,  1 1200     1200     78476625 Apr 19 01:26,Biodiversity_S_aurantiaca_CYE_aerobic_1_17July16_Samwise_16-04-10.pepXML
-rw-rw-r--,  1 1200     1200     75577509 Apr 19 01:25,Biodiversity_S_aurantiaca_CYE_aerobic_2_17July16_Samwise_16-04-10.pepXML
-rw-rw-r--,  1 1200     1200     83175523 Apr 19 01:25,Biodiversity_S_aurantiaca_CYE_aerobic_3_17July16_Samwise_16-04-10.pepXML
-rw-rw-r--,  1 1200     1200     41657101 Apr 19 01:25,Biodiversity_S_elongatus_BG11NaCl_aerobic_1_05Oct16_Pippin_16-05-06.pepXML
-rw-rw-r--,  1 1200     1200     40960793 Apr 19 01:25,Biodiversity_S_elongatus_BG11NaCl_aerobic_2_05Oct16_Pippin_16-05-06.pepXML
-rw-rw-r--,  1 1200     1200     40481980 Apr 19 01:25,Biodiversity_S_elongatus_BG11NaCl_aerobic_3_05Oct16_Pippin_16-05-06.pepXML
-rw-rw-r--,  1 1200     1200     53127150 Apr 19 01:26,Biodiversity_S_elongatus_BG11_aerobic_1_14July16_Pippin_16-05-01.pepXML
-rw-rw-r--,  1 1200     1200     52844419 Apr 19 01:26,Biodiversity_S_elongatus_BG11_aerobic_2_14July16_Pippin_16-05-01.pepXML
-rw-rw-r--,  1 1200     1200     55762062 Apr 19 01:26,Biodiversity_S_elongatus_BG11_aerobic_3_14July16_Pippin_16-05-01.pepXML
-rw-rw-r--,  1 1200     1200     40256236 Apr 19 01:24,Biodiversity_S_griseorubens_HSM_aerobic_1_23Nov16_Pippin_16-09-11.pepXML
-rw-rw-r--,  1 1200     1200     39458659 Apr 19 01:23,Biodiversity_S_griseorubens_HSM_aerobic_2_23Nov16_Pippin_16-09-11.pepXML
-rw-rw-r--,  1 1200     1200     37570318 Apr 19 01:24,Biodiversity_S_griseorubens_HSM_aerobic_3_23Nov16_Pippin_16-09-11.pepXML
-rw-rw-r--,  1 1200     1200     59461028 Apr 19 01:28,Biodiversity_S_thermosulf_FeYE_anaerobic_1_01Jun16_Pippin_16-03-39.pepXML
-rw-rw-r--,  1 1200     1200     61501823 Apr 19 01:28,Biodiversity_S_thermosulf_FeYE_anaerobic_2_01Jun16_Pippin_16-03-39.pepXML
-rw-rw-r--,  1 1200     1200     59677340 Apr 19 01:28,Biodiversity_S_thermosulf_FeYE_anaerobic_3_01Jun16_Pippin_16-03-39.pepXML
-rw-rw-r--,  1 1200     1200     78293011 Apr 19 01:29,Cj_media_MH_R1_23Feb15_Arwen_14-12-03.pepXML
-rw-rw-r--,  1 1200     1200     75731670 Apr 19 01:29,Cj_media_MH_R2_23Feb15_Arwen_14-12-03.pepXML
-rw-rw-r--,  1 1200     1200     66269638 Apr 19 01:29,Cj_media_MH_R3_23Feb15_Arwen_14-12-03.pepXML
-rw-rw-r--,  1 1200     1200     76766279 Apr 19 01:29,Cj_media_MH_R4_23Feb15_Arwen_14-12-03.pepXML
-rw-rw-r--,  1 1200     1200     68101750 Apr 19 01:29,Cj_media_MH_R5_23Feb15_Arwen_14-12-03.pepXML
-rw-rw-r--,  1 1200     1200     55279889 Apr 19 01:25,LP_LS_Phi_Stat_R1_30Sep14_Pippin_13-04-12.pepXML
-rw-rw-r--,  1 1200     1200     56994124 Apr 19 01:25,LP_LS_Phi_Stat_R2_30Sep14_Pippin_13-04-12.pepXML
-rw-rw-r--,  1 1200     1200     54319925 Apr 19 01:25,LP_LS_Phi_Stat_R3_30Sep14_Pippin_13-04-12.pepXML
-rw-rw-r--,  1 1200     1200     86320639 Apr 19 01:26,P_putida_01Dec15_1_21Mar16_Arwen_16-01-03.pepXML
-rw-rw-r--,  1 1200     1200     87990597 Apr 19 01:26,P_putida_01Dec15_2_21Mar16_Arwen_16-01-03.pepXML
-rw-rw-r--,  1 1200     1200     87801990 Apr 19 01:26,P_putida_17Nov15_1_21Mar16_Arwen_16-01-03.pepXML
-rw-rw-r--,  1 1200     1200     87894571 Apr 19 01:26,P_putida_17Nov15_2_21Mar16_Arwen_16-01-03.pepXML
-rw-rw-r--,  1 1200     1200     88020652 Apr 19 01:26,P_putida_18Nov15_1_21Mar16_Arwen_16-01-03.pepXML
-rw-rw-r--,  1 1200     1200     89028885 Apr 19 01:26,P_putida_18Nov15_2_21Mar16_Arwen_16-01-03.pepXML
-rw-rw-r--,  1 1200     1200     92740330 Apr 19 01:26,S_venezuelae_GYM_1_21Mar16_Arwen_16-01-03.pepXML
-rw-rw-r--,  1 1200     1200     94718688 Apr 19 01:25,S_venezuelae_GYM_2_21Mar16_Arwen_16-01-03.pepXML
-rw-rw-r--,  1 1200     1200     92233936 Apr 19 01:25,S_venezuelae_MYM_1_21Mar16_Arwen_16-01-03.pepXML
-rw-rw-r--,  1 1200     1200     92733601 Apr 19 01:25,S_venezuelae_MYM_2_21Mar16_Arwen_16-01-03.pepXML
